                  epoch,         train/box_loss,         train/cls_loss,         train/dfl_loss,   metrics/precision(B),      metrics/recall(B),       metrics/mAP50(B),    metrics/mAP50-95(B),           val/box_loss,           val/cls_loss,           val/dfl_loss,                 lr/pg0,                 lr/pg1,                 lr/pg2
                      1,                 2.1183,                 2.4838,                 1.6498,                0.96608,                 0.0912,                0.32223,                0.15782,                 2.1773,                  3.003,                 1.7553,                0.00032,                0.00032,                0.00032
                      2,                 1.4869,                 1.2408,                 1.1758,                0.81317,                0.48026,                0.56888,                 0.3425,                 1.6747,                 2.2031,                 1.3723,              0.0005412,              0.0005412,              0.0005412
                      3,                 1.3039,                0.98801,                 1.0754,                0.84108,                 0.7625,                0.85356,                0.54817,                 1.2471,                 1.3472,                 1.0542,                0.00064,                0.00064,                0.00064
                      4,                 1.2251,                0.90204,                 1.0415,                0.84762,                  0.873,                0.92736,                0.63764,                 1.1347,                0.83637,                0.99993,              0.0006164,              0.0006164,              0.0006164
                      5,                  1.193,                0.86389,                 1.0287,                0.83729,                0.85912,                0.91487,                0.61606,                 1.1309,                0.89859,                0.99212,              0.0004704,              0.0004704,              0.0004704
